[
    {
        "idPregunta": "1",
        "Desc_Pregunta": "¿En la narración de Caín y Abel quién actuó mal?",
        "Opcion1": "Caín",
        "Opcion2": "Abel",
        "Opcion3": "Adan",
        "Opcion4": "Eva",
        "Opcion_Correcta": "opcion1"
    },
    {
        "idPregunta": "2",
        "Desc_Pregunta": "¿A quién Dios llamó para que construyera el Arca?",
        "Opcion1": "Moisés",
        "Opcion2": "Josue",
        "Opcion3": "Noe",
        "Opcion4": "Elías",
        "Opcion_Correcta": "opcion3"
    },
    {
        "idPregunta": "3",
        "Desc_Pregunta": "El universo fue creado por Dios, no por presencia de fuerza u omnipotencia, sino el orden de amor, se puede decir que cada criatura es…",
        "Opcion1": "Hijo de Dios",
        "Opcion2": "Sujeto de su poder",
        "Opcion3": "Su primogénito",
        "Opcion4": "Objeto de la ternura del Padre",
        "Opcion_Correcta": "opcion4"
    },
    {
        "idPregunta": "4",
        "Desc_Pregunta": "Las creencias judeo-Cristiana desmitificaron la naturaleza, despojando sus atributos divinos.",
        "Opcion1": "Falso",
        "Opcion2": "Verdadero",
        "Opcion3": "opcion3",
        "Opcion4": "opcion4",
        "Opcion_Correcta": "opcion2"
    },
    {
        "idPregunta": "5",
        "Desc_Pregunta": "¿Qué busca la Iglesia Católica con un diálogo abierto?",
        "Opcion1": "Enriquecerse con recomendaciones y observaciones",
        "Opcion2": "Saber que opiniones tomar en cuenta",
        "Opcion3": "Corregir a los que tienen un pensamiento diferente",
        "Opcion4": "opcion4",
        "Opcion_Correcta": "opcion1"
    },
    {
        "idPregunta": "6",
        "Desc_Pregunta": "El arte y la espiritualidad producen diferentes síntesis entre la Fe y la Razón",
        "Opcion1": "Falso",
        "Opcion2": "Verdadero",
        "Opcion3": "opcion3",
        "Opcion4": "opcion4",
        "Opcion_Correcta": "opcion2"
    },
    {
        "idPregunta": "7",
        "Desc_Pregunta": "¿El ser humano es...?",
        "Opcion1": "Imagen de Dios",
        "Opcion2": "una persona",
        "Opcion3": "Dios",
        "Opcion4": "opcion4",
        "Opcion_Correcta": "opcion1"
    },
    {
        "idPregunta": "8",
        "Desc_Pregunta": "¿Qué contiene el libro precioso escrito por Dios?",
        "Opcion1": "Canciones",
        "Opcion2": "Animales",
        "Opcion3": "Letras de la multitud de las criaturas presentes en el universo",
        "Opcion4": "opcion4",
        "Opcion_Correcta": "opcion3"
    },
    {
        "idPregunta": "9",
        "Desc_Pregunta": "¿Cuál es el cántico de San Francisco de Asís a las criaturas?",
        "Opcion1": "Laudato si, oh mi Segnore, (Alabada seas, mi Señor).",
        "Opcion2": "Aleluya",
        "Opcion3": "Alma de Cristo",
        "Opcion4": "opcion4",
        "Opcion_Correcta": "opcion1"
    },
    {
        "idPregunta": "10",
        "Desc_Pregunta": "¿Descubrir la relación y función de todas las criaturas estimula el desarrollo de…?",
        "Opcion1": "Las virtudes teologales",
        "Opcion2": "Las virtudes ecológicas",
        "Opcion3": "Las virtudes humanas",
        "Opcion4": "opcion4",
        "Opcion_Correcta": "opcion2"
    },
    {
        "idPregunta": "11",
        "Desc_Pregunta": "¿Cual es el lazo que nos une universalmente?",
        "Opcion1": "El amor de Dios",
        "Opcion2": "La sangre",
        "Opcion3": "El pecado",
        "Opcion4": "La Biblia",
        "Opcion_Correcta": "opcion1"
    },
    {
        "idPregunta": "12",
        "Desc_Pregunta": "¿Quienes son incluidos en la comunión universal?",
        "Opcion1": "Todos",
        "Opcion2": "Seres humanos",
        "Opcion3": "Seres humanos y vegetación",
        "Opcion4": "Animales",
        "Opcion_Correcta": "opcion1"
    },
    {
        "idPregunta": "13",
        "Desc_Pregunta": "¿Qué busca la comunión Universal?",
        "Opcion1": "Fomentar un sentimiento de unión íntima",
        "Opcion2": "Divinizar al ser humano",
        "Opcion3": "Divinizar la Tierra",
        "Opcion4": "Divinizar a los animales",
        "Opcion_Correcta": "opcion1"
    },
    {
        "idPregunta": "14",
        "Desc_Pregunta": "Persona que en su doctrina indicó « Dios ha dado la tierra a todo el género humano para que ella sustente a todos sus habitantes, sin excluir a nadie ni privilegiar a ninguno »",
        "Opcion1": "Obispo de nueva Zelanda",
        "Opcion2": "Juan Pablo II",
        "Opcion3": "San Francisco de Asis",
        "Opcion4": "San Pío de Pietrelcina",
        "Opcion_Correcta": "opcion2"
    },
    {
        "idPregunta": "15",
        "Desc_Pregunta": "¿Quién se apropia algo es para?",
        "Opcion1": "Administrarlo en bien de todos",
        "Opcion2": "Administrarlo para sí mismo y los suyos",
        "Opcion3": "Administrarlo para otros",
        "Opcion4": "Darlo a su familia",
        "Opcion_Correcta": "opcion1"
    },
    {
        "idPregunta": "16",
        "Desc_Pregunta": "¿Cómo vivía Jesús?",
        "Opcion1": "Trabajando con sus manos, tomando contacto cotidiano con la materia creada por Dios.",
        "Opcion2": "En armonía plena con la creación.",
        "Opcion3": "Contemplando la hermosura sembrada por su Padre.",
        "Opcion4": "Todas las anteriores",
        "Opcion_Correcta": "opcion2"
    }
]
